{"cameraMode":{"drawMode":0,"name":"Shaded","section":"Shading Mode"},"sceneLighting":true,"audioPlay":false,"sceneViewState":{"m_AlwaysRefresh":false,"showFog":true,"showSkybox":true,"showFlares":true,"showImageEffects":true,"showParticleSystems":true,"showVisualEffectGraphs":true,"m_FxEnabled":false},"in2DMode":false,"pivot":{"x":0.2539687156677246,"y":3.1416127681732179,"z":16.320419311523439},"rotation":{"x":-0.07835519313812256,"y":-0.6482490301132202,"z":0.06695674359798432,"w":-0.7551049590110779},"size":1.1712522506713868,"orthographic":false}