{"cameraMode":{"drawMode":0,"name":"Shaded","section":"Shading Mode"},"sceneLighting":true,"audioPlay":false,"sceneViewState":{"m_AlwaysRefresh":false,"showFog":true,"showSkybox":true,"showFlares":true,"showImageEffects":true,"showParticleSystems":true,"showVisualEffectGraphs":true,"m_FxEnabled":true},"in2DMode":false,"pivot":{"x":-3.542494535446167,"y":5.718836784362793,"z":2.6848866939544679},"rotation":{"x":0.2600603699684143,"y":0.48756274580955508,"z":-0.15461380779743195,"w":0.8196424245834351},"size":0.36813515424728396,"orthographic":false}